block_key,product_id
linksys,23686
linksys,26461
linksys,29820
linksys,30957
linksys,31881
linksys,33377
linksys,35851
linksys,36305
linksys,38449
linksys,38451
linksys,38452
linksys,38455
linksys,38457
linksys,38466
linksys,38473
linksys,38474
linksys,38475
linksys,38477
linksys,38507
linksys,39179
netgear,21175
netgear,21875
netgear,22558
netgear,25262
netgear,29493
netgear,32579
netgear,33053
netgear,37606
netgear,38231
belkin,17372
belkin,20532
belkin,27248
belkin,27975
belkin,32546
belkin,34125
belkin,34126
belkin,34127
belkin,34165
belkin,38794
belkin,38796
lacie,30158
lacie,32563
lacie,34301
lacie,34697
lacie,36260
lacie,36494
lacie,36636
lacie,36637
canon,17067
canon,18202
canon,20450
canon,20453
canon,20454
canon,20458
canon,20459
canon,20461
canon,20466
canon,22100
canon,22101
canon,26617
canon,26622
canon,28020
canon,29029
canon,29758
canon,30939
canon,30951
canon,30962
canon,31030
canon,31830
canon,32323
canon,33044
canon,33045
canon,33047
canon,33271
canon,33272
canon,33273
canon,33275
canon,33277
canon,33278
canon,33279
canon,33280
canon,33493
canon,33496
canon,33498
canon,33508
canon,33522
canon,34056
canon,34065
canon,34747
canon,34791
canon,35810
canon,35843
canon,35900
canon,36020
canon,36023
canon,36027
canon,36029
canon,36033
canon,36052
canon,36053
canon,36083
canon,36084
canon,36097
canon,36102
canon,36367
canon,36988
canon,36990
canon,36993
canon,37110
canon,37120
canon,37123
canon,37162
canon,37254
canon,37257
canon,37403
canon,37404
canon,37468
canon,37469
canon,37474
canon,37477
canon,37646
canon,37648
canon,37650
canon,37652
canon,37686
canon,37856
canon,37964
canon,38106
canon,38142
canon,38214
canon,38221
canon,38327
canon,38388
canon,38399
canon,38587
canon,38800
canon,38806
kensington,29273
kensington,32034
kensington,37767
kensington,38733
tripp,27479
tripp,38831
logitech,22042
logitech,26615
logitech,27182
logitech,32384
logitech,32512
logitech,32625
logitech,33965
logitech,36207
logitech,37803
logitech,37807
logitech,37808
logitech,37825
logitech,38345
logitech,38346
logitech,38697
logitech,38735
logitech,38939
logitech,39088
logitech,39175
logitech,39176
sony,552
sony,4696
sony,5644
sony,7195
sony,8552
sony,9071
sony,11338
sony,13213
sony,15452
sony,16309
sony,16877
sony,17653
sony,19112
sony,19672
sony,20447
sony,20448
sony,21047
sony,21297
sony,22729
sony,23347
sony,23349
sony,23350
sony,23837
sony,24034
sony,24921
sony,25413
sony,25776
sony,26563
sony,27407
sony,27778
sony,27779
sony,27783
sony,27810
sony,28033
sony,28059
sony,28137
sony,28138
sony,28225
sony,28256
sony,28272
sony,28366
sony,28433
sony,28500
sony,29228
sony,29338
sony,29464
sony,29816
sony,30093
sony,30343
sony,30457
sony,30680
sony,30955
sony,31020
sony,31176
sony,31273
sony,31332
sony,31836
sony,32022
sony,32055
sony,32193
sony,32560
sony,32561
sony,33157
sony,33158
sony,33160
sony,33161
sony,33175
sony,33177
sony,33209
sony,33220
sony,33431
sony,33438
sony,33443
sony,33444
sony,33467
sony,33471
sony,33476
sony,33477
sony,33478
sony,33485
sony,33488
sony,33562
sony,33758
sony,33763
sony,33765
sony,33767
sony,33769
sony,33790
sony,33998
sony,33999
sony,34000
sony,34001
sony,34002
sony,34031
sony,34033
sony,34036
sony,34119
sony,34150
sony,34278
sony,34282
sony,34309
sony,34370
sony,34379
sony,34442
sony,34465
sony,34548
sony,34552
sony,34553
sony,34557
sony,34559
sony,34624
sony,34637
sony,34638
sony,34723
sony,34724
sony,34725
sony,34727
sony,34728
sony,34824
sony,34836
sony,34854
sony,34858
sony,34864
sony,34881
sony,34894
sony,34895
sony,34897
sony,34899
sony,34904
sony,34905
sony,34941
sony,34960
sony,34968
sony,34981
sony,35185
sony,35194
sony,35201
sony,35219
sony,35226
sony,35384
sony,35475
sony,35666
sony,35903
sony,36001
sony,36142
sony,36143
sony,36149
sony,36151
sony,36169
sony,36172
sony,36295
sony,36617
sony,36620
sony,36761
sony,36803
sony,36861
sony,36864
sony,36957
sony,37091
sony,37235
sony,37293
sony,37301
sony,37308
sony,37309
sony,37310
sony,37311
sony,37322
sony,37405
sony,37539
sony,37810
sony,37811
sony,37812
sony,38001
sony,38003
sony,38278
sony,38400
sony,38492
sony,38574
sony,38773
sony,38782
d,23296
d,33972
d,35925
d,36258
panasonic,6742
panasonic,7783
panasonic,7936
panasonic,8060
panasonic,9312
panasonic,9314
panasonic,13202
panasonic,13954
panasonic,16112
panasonic,17220
panasonic,18516
panasonic,18970
panasonic,22940
panasonic,23635
panasonic,23965
panasonic,24346
panasonic,24368
panasonic,24493
panasonic,24571
panasonic,24572
panasonic,24825
panasonic,26137
panasonic,26346
panasonic,26350
panasonic,28205
panasonic,28350
panasonic,28978
panasonic,28979
panasonic,28980
panasonic,28981
panasonic,28982
panasonic,29231
panasonic,29238
panasonic,29339
panasonic,29574
panasonic,29806
panasonic,29950
panasonic,30585
panasonic,30590
panasonic,30602
panasonic,30603
panasonic,30808
panasonic,32005
panasonic,32027
panasonic,32488
panasonic,32584
panasonic,32986
panasonic,33563
panasonic,33566
panasonic,33569
panasonic,33581
panasonic,33582
panasonic,33591
panasonic,33595
panasonic,33600
panasonic,33612
panasonic,33625
panasonic,33784
panasonic,33786
panasonic,33788
panasonic,33908
panasonic,33921
panasonic,33922
panasonic,33924
panasonic,33936
panasonic,33948
panasonic,33955
panasonic,33962
panasonic,33967
panasonic,33971
panasonic,33985
panasonic,34151
panasonic,34153
panasonic,34154
panasonic,34158
panasonic,34298
panasonic,34300
panasonic,34609
panasonic,34610
panasonic,34666
panasonic,34719
panasonic,34751
panasonic,34754
panasonic,35305
panasonic,35306
panasonic,35388
panasonic,35431
panasonic,35525
panasonic,35800
panasonic,35983
panasonic,36515
panasonic,36556
panasonic,37340
panasonic,37354
panasonic,37915
panasonic,38173
panasonic,38208
panasonic,38329
panasonic,38343
panasonic,38751
panasonic,38944
sennheiser,19358
sennheiser,22212
sennheiser,33024
sennheiser,35498
sennheiser,38653
garmin,14033
garmin,21267
garmin,21268
garmin,25797
garmin,25855
garmin,25857
garmin,25858
garmin,25950
garmin,26059
garmin,26891
garmin,31397
garmin,32874
garmin,32875
garmin,32876
garmin,32877
garmin,32878
garmin,32880
garmin,35218
garmin,35552
garmin,35662
garmin,35663
garmin,37052
garmin,37054
garmin,37055
garmin,37087
garmin,37145
garmin,39039
omnimount,10101
omnimount,10102
omnimount,16668
omnimount,16669
omnimount,19204
omnimount,24937
omnimount,30206
omnimount,31284
omnimount,34286
omnimount,35060
omnimount,39054
sanus,13580
sanus,13581
sanus,13700
sanus,13701
sanus,16758
sanus,17417
sanus,17596
sanus,17872
sanus,17873
sanus,19141
sanus,19676
sanus,22306
sanus,22382
sanus,22798
sanus,25388
sanus,25550
sanus,25749
sanus,25829
sanus,31414
sanus,33026
sanus,36962
sanus,37716
sanus,38726
sanus,38784
peerless,13155
peerless,32431
peerless,32984
peerless,33219
peerless,33966
peerless,35111
peerless,35467
peerless,35623
peerless,38798
olympus,16774
olympus,25364
olympus,25670
olympus,25732
olympus,28554
olympus,29099
olympus,30436
olympus,33831
olympus,36906
olympus,36909
olympus,37139
olympus,38108
weber,17479
weber,18524
weber,22727
weber,27186
weber,27188
weber,27194
weber,27197
weber,27789
weber,27793
weber,28175
weber,28190
weber,33327
weber,33938
weber,34253
weber,34256
weber,34258
weber,34476
weber,35153
plantronics,23246
plantronics,34959
square,38704
delonghi,16741
delonghi,17094
delonghi,18040
delonghi,27920
delonghi,31887
universal,17187
universal,17191
universal,23537
universal,26117
universal,31014
terk,24789
terk,25111
terk,25318
nikon,18960
nikon,22187
nikon,24386
nikon,24615
nikon,25788
nikon,27137
nikon,29032
nikon,31596
nikon,31970
nikon,33490
nikon,33668
nikon,33669
nikon,33670
nikon,33671
nikon,35282
nikon,36249
nikon,36705
nikon,36718
nikon,36746
nikon,36811
nikon,36816
nikon,37141
nikon,37142
nikon,38777
sirius,25291
sirius,26861
sirius,27501
sirius,28963
sirius,31337
sirius,31924
sirius,31954
sirius,31956
sirius,32112
sirius,32493
sirius,32744
sirius,32906
sirius,33298
audiovox,29392
audiovox,29906
audiovox,29933
audiovox,30591
audiovox,30593
audiovox,30594
audiovox,38511
tivo,23006
tivo,23325
tivo,29902
tivo,37174
lowepro,25902
lowepro,25905
lowepro,26695
ge,15046
ge,21182
ge,25532
ge,28397
ge,30575
ge,30841
ge,32416
uniden,23097
uniden,30708
uniden,32315
uniden,35415
fellowes,27771
fellowes,28304
fellowes,32322
pioneer,19132
pioneer,19628
pioneer,20534
pioneer,23651
pioneer,28067
pioneer,32688
pioneer,32882
pioneer,32889
pioneer,32893
pioneer,33057
pioneer,33081
pioneer,33150
pioneer,34815
pioneer,35054
pioneer,35276
pioneer,35277
pioneer,35853
pioneer,37360
bose,580
bose,6284
bose,19631
bose,26310
bose,26525
bose,30453
apple,23658
apple,30134
apple,30219
apple,30389
apple,30533
apple,32628
apple,32630
apple,33458
apple,36722
apple,37181
apple,37182
apple,37183
apple,37187
apple,37192
apple,37196
apple,37198
apple,37201
apple,37202
apple,37207
apple,37208
apple,37210
apple,37211
apple,37722
apple,37872
apple,37877
apple,37878
apple,38164
apple,38876
apple,38880
sharp,14563
sharp,29612
sharp,33326
sharp,33586
sharp,33713
sharp,33997
sharp,35052
sharp,35872
sharp,35877
sharp,37907
sharp,38008
sharp,38129
sharp,38434
microsoft,28180
microsoft,32017
microsoft,32653
lg,27091
lg,27103
lg,27719
lg,27729
lg,27840
lg,27853
lg,27964
lg,27965
lg,28148
lg,28149
lg,29007
lg,29008
lg,29823
lg,29825
lg,29827
lg,29829
lg,29861
lg,29865
lg,29866
lg,32226
lg,32228
lg,32279
lg,32280
lg,32395
lg,34218
lg,34220
lg,34848
lg,34860
lg,34926
lg,34927
lg,34928
lg,34934
lg,34937
lg,34945
lg,34946
lg,34947
lg,34948
lg,34961
lg,34962
lg,34963
lg,34969
lg,35010
lg,35011
lg,35014
lg,35019
lg,35022
lg,35024
lg,35031
lg,35033
lg,35034
lg,35035
lg,35044
lg,35165
lg,35175
lg,35183
lg,35186
lg,35190
lg,35231
lg,35247
lg,35309
lg,37078
lg,38323
lg,38619
nintendo,37495
nintendo,37496
nintendo,37497
nintendo,37499
nintendo,37558
denon,6493
denon,10640
denon,24693
denon,25113
denon,25136
denon,25167
denon,30196
denon,30197
denon,30203
denon,32150
denon,33564
denon,34260
denon,35680
denon,36123
denon,36124
denon,36607
denon,36859
denon,37859
denon,38873
toshiba,14715
toshiba,32990
toshiba,33630
toshiba,33637
toshiba,33638
toshiba,33639
toshiba,33640
toshiba,33643
toshiba,33645
toshiba,33653
toshiba,33690
toshiba,33717
toshiba,33863
toshiba,33931
toshiba,36061
toshiba,36286
toshiba,37045
toshiba,37150
toshiba,37287
toshiba,37457
toshiba,37462
toshiba,37893
toshiba,38096
toshiba,38098
escort,11801
escort,13996
escort,28951
escort,35530
escort,37796
kenwood,14061
kenwood,19604
kenwood,27364
kenwood,27391
kenwood,31813
kenwood,33801
cuisinart,9355
cuisinart,9646
cuisinart,14070
cuisinart,18837
cuisinart,22242
cuisinart,33159
cuisinart,33499
cuisinart,38826
danby,16394
danby,18087
danby,35748
danby,38468
kitchenaid,6726
kitchenaid,24402
kitchenaid,33464
griffin,28650
griffin,35477
griffin,36117
griffin,36118
griffin,36197
griffin,36299
griffin,36862
griffin,36999
griffin,38324
griffin,38781
hoover,23864
hoover,34595
nyko,26444
nyko,26445
nyko,34102
monster,26929
monster,26930
monster,29677
monster,33510
monster,36243
oregon,25036
oregon,36969
waring,24648
tech,25813
tech,25814
tech,26805
tech,29272
tech,30734
frigidaire,9546
frigidaire,16765
frigidaire,17906
frigidaire,21989
frigidaire,25990
frigidaire,27589
frigidaire,31373
frigidaire,31374
transcend,27857
transcend,31992
transcend,32405
transcend,33276
transcend,33472
transcend,34156
transcend,36274
transcend,36345
transcend,38483
transcend,38486
transcend,38640
transcend,38920
polk,33723
polk,34378
polk,34392
polk,34393
polk,34395
polk,34424
polk,34454
polk,35990
coby,37331
coby,38127
coby,38767
case,37531
case,38296
case,39038
blueant,35519
blueant,35905
blueant,37589
whirlpool,16329
whirlpool,18564
whirlpool,18567
whirlpool,23519
whirlpool,24153
whirlpool,24316
whirlpool,26082
whirlpool,26241
whirlpool,28340
whirlpool,33950
whirlpool,34401
jabra,32033
jabra,37623
electrolux,27739
electrolux,30058
electrolux,33021
robot,38480
altec,28971
altec,32314
altec,38295
yamaha,21554
yamaha,27985
yamaha,30338
yamaha,30355
yamaha,31635
yamaha,33382
yamaha,33437
yamaha,33439
yamaha,33440
yamaha,33452
yamaha,33453
yamaha,33455
yamaha,36635
yamaha,37231
bracketron,33662
bracketron,33664
bracketron,35308
seiko,30867
speck,31392
speck,34363
speck,34829
speck,34831
speck,36021
speck,36022
speck,36361
speck,36364
speck,36365
speck,36381
speck,36383
speck,36388
speck,36430
speck,36446
speck,36451
speck,36454
speck,36456
speck,36458
speck,36931
speck,38813
klipsch,32340
klipsch,34174
klipsch,36161
klipsch,36168
klipsch,37039
klipsch,38522
contour,34640
motorola,32187
motorola,33804
haier,29304
haier,29880
haier,32054
haier,35485
samsung,29133
samsung,33864
samsung,34003
samsung,34004
samsung,34007
samsung,34009
samsung,34012
samsung,34021
samsung,34089
samsung,34091
samsung,34092
samsung,34093
samsung,34095
samsung,34096
samsung,34130
samsung,34135
samsung,34136
samsung,34263
samsung,34266
samsung,34280
samsung,34303
samsung,34304
samsung,34349
samsung,34361
samsung,34490
samsung,34496
samsung,34648
samsung,34657
samsung,34770
samsung,34944
samsung,34966
samsung,34998
samsung,35012
samsung,35018
samsung,35045
samsung,35216
samsung,35591
samsung,35693
samsung,35694
samsung,35738
samsung,35981
samsung,35987
samsung,36077
samsung,36080
samsung,36127
samsung,36270
samsung,36450
samsung,36452
samsung,36471
samsung,36824
samsung,37749
samsung,37805
samsung,37934
samsung,38550
samsung,38693
elgato,33536
elgato,33537
elgato,37421
lasonic,38957
onkyo,13945
onkyo,34076
onkyo,34708
onkyo,34901
onkyo,34976
onkyo,36502
onkyo,36507
onkyo,36808
onkyo,36812
onkyo,37010
boston,33726
boston,33883
alpine,29072
alpine,30159
alpine,32358
alpine,33263
z,34016
brenthaven,36789
brenthaven,36796
pure,32059
mitsubishi,34659
mitsubishi,34661
mitsubishi,34662
mitsubishi,35332
mitsubishi,35334
mitsubishi,39090
skullcandy,38644
ihome,32664
ihome,36264
ihome,36308
ihome,36309
maytag,16000
maytag,16003
maytag,29892
maytag,34227
dlo,38500
tomtom,33532
tomtom,33601
tomtom,34878
tomtom,34880
tomtom,34883
tomtom,35237
mosquito,18441
nokia,38834
chestnut,31032
